,Dia Disp,Ambient,Ref Temp on Bed,Spindle Rear,Coolantwall,Transfomerbed,Spindle Front,Time
0,44.096,19.14,19.18,21.14,20.22,20.23,21.15,0.009
1,47.422,19.14,19.26,21.35,20.43,20.3,21.31,0.056
2,49.576,19.28,19.3,21.57,20.56,20.38,21.57,0.094
3,52.336,19.38,19.36,21.79,20.69,20.43,21.79,0.133
4,53.764,19.48,19.38,22.0,20.79,20.48,21.97,0.172
5,53.474,19.54,19.42,22.2,20.86,20.51,22.15,0.21
6,53.272,19.55,19.45,22.42,20.93,20.57,22.32,0.249
7,53.9,19.61,19.47,22.61,21.0,20.61,22.46,0.288
8,55.342,19.7,19.5,22.79,21.09,20.64,22.62,0.326
9,56.57,19.79,19.54,22.97,21.14,20.7,22.77,0.365
10,56.09,19.86,19.56,23.19,21.2,20.73,22.92,0.403
11,58.134,19.95,19.56,23.35,21.28,20.79,23.04,0.442
12,59.288,20.0,19.59,23.53,21.36,20.86,23.19,0.481
13,59.174,20.09,19.62,23.7,21.38,20.9,23.29,0.519
14,60.072,20.14,19.63,23.86,21.45,20.93,23.43,0.558
15,60.62,20.14,19.68,24.0,21.52,20.96,23.55,0.596
16,63.546,20.18,19.7,24.18,21.56,21.05,23.68,0.635
17,65.318,20.23,19.72,24.32,21.6,21.1,23.79,0.674
18,65.636,20.29,19.76,24.48,21.69,21.17,23.93,0.712
19,65.42,20.36,19.79,24.65,21.72,21.2,24.04,0.751
20,65.818,20.46,19.82,24.81,21.79,21.27,24.17,0.789
21,65.582,20.62,19.85,24.94,21.86,21.35,24.29,0.828
22,65.478,20.73,19.86,25.1,21.9,21.4,24.4,0.867
23,66.128,20.87,19.9,25.23,21.95,21.42,24.5,0.905
24,66.542,20.95,19.94,25.37,22.0,21.51,24.61,0.944
25,66.082,20.98,19.97,25.47,22.04,21.53,24.71,0.982
26,67.338,21.04,19.97,25.61,22.1,21.57,24.82,1.021
27,68.824,21.02,20.03,25.72,22.14,21.6,24.94,1.06
28,70.246,21.03,20.06,25.85,22.19,21.72,25.03,1.098
29,68.752,21.11,20.09,25.96,22.22,21.79,25.12,1.137
30,68.952,21.2,20.12,26.07,22.29,21.8,25.22,1.176
31,68.218,21.26,20.15,26.2,22.35,21.88,25.3,1.214
32,68.018,21.29,20.19,26.29,22.37,21.94,25.39,1.253
33,68.698,21.35,20.22,26.4,22.45,22.0,25.48,1.291
34,68.384,21.46,20.27,26.51,22.47,22.06,25.59,1.33
35,68.414,21.52,20.29,26.61,22.52,22.11,25.65,1.369
36,67.476,21.56,20.31,26.71,22.57,22.13,25.75,1.407
37,67.924,21.59,20.37,26.84,22.59,22.25,25.84,1.446
38,71.15,21.63,20.38,26.92,22.64,22.28,25.92,1.485
39,70.556,21.68,20.42,27.0,22.69,22.36,26.0,1.523
40,70.408,21.81,20.46,27.12,22.75,22.42,26.09,1.562
41,70.25,21.95,20.48,27.22,22.79,22.44,26.18,1.6
42,70.024,22.0,20.52,27.29,22.82,22.52,26.25,1.639
43,69.014,22.11,20.55,27.4,22.9,22.59,26.35,1.678
44,68.98,22.19,20.59,27.48,22.94,22.57,26.39,1.716
45,68.936,22.21,20.63,27.57,22.96,22.71,26.46,1.755
46,68.758,22.28,20.68,27.69,23.02,22.7,26.55,1.794
47,68.444,22.34,20.7,27.75,23.05,22.8,26.61,1.832
48,68.45,22.47,20.75,27.86,23.1,22.84,26.69,1.871
49,70.472,22.52,20.79,27.92,23.15,22.92,26.77,1.91
50,70.33,22.57,20.82,28.0,23.17,22.96,26.85,1.948
51,70.564,22.63,20.85,28.06,23.21,23.04,26.9,1.987
52,70.158,22.69,20.88,28.17,23.25,23.07,26.97,2.026
53,69.1,22.7,20.9,28.22,23.3,23.11,27.04,2.064
54,68.562,22.73,20.95,28.3,23.32,23.17,27.1,2.103
55,69.702,22.8,20.98,28.37,23.36,23.2,27.17,2.142
56,68.684,22.79,21.0,28.51,23.42,23.28,27.25,2.18
57,68.478,22.86,21.06,28.55,23.45,23.37,27.31,2.219
58,69.026,22.97,21.1,28.61,23.48,23.37,27.36,2.258
59,68.484,23.0,21.12,28.68,23.53,23.47,27.42,2.296
60,70.384,23.07,21.18,28.76,23.56,23.52,27.48,2.335
61,70.544,23.11,21.2,28.81,23.61,23.56,27.56,2.373
62,71.202,23.2,21.25,28.9,23.63,23.67,27.61,2.412
63,70.246,23.37,21.34,28.98,23.68,23.73,27.67,2.451
64,69.92,23.47,21.37,29.06,23.73,23.77,27.75,2.489
65,68.762,23.6,21.45,29.11,23.76,23.84,27.8,2.528
66,69.198,23.59,21.47,29.2,23.81,23.95,27.86,2.567
67,68.852,23.7,21.52,29.27,23.85,23.95,27.89,2.605
68,68.316,23.79,21.57,29.35,23.87,24.0,27.96,2.644
69,68.614,23.85,21.61,29.39,23.93,24.04,28.04,2.683
70,68.762,23.87,21.64,29.51,23.95,24.11,28.1,2.721
71,71.552,24.0,21.67,29.54,23.98,24.17,28.13,2.76
72,71.222,24.03,21.69,29.59,24.03,24.2,28.2,2.798
73,71.486,24.11,21.73,29.67,24.09,24.3,28.26,2.837
74,70.202,24.18,21.72,29.71,24.11,24.34,28.3,2.876
75,70.2,24.17,21.79,29.78,24.14,24.37,28.36,2.914
76,69.168,24.18,21.81,29.85,24.2,24.45,28.42,2.953
77,69.63,24.22,21.85,29.92,24.23,24.5,28.45,2.992
78,69.718,24.3,21.89,29.97,24.28,24.52,28.52,3.03
79,68.98,24.26,21.92,30.03,24.3,24.63,28.56,3.069
80,68.724,24.21,21.95,30.1,24.36,24.61,28.62,3.108
81,65.356,24.29,22.03,29.85,24.4,24.71,28.36,3.197
82,64.606,24.51,22.05,29.75,24.44,24.85,28.32,3.236
83,61.59,24.61,22.07,29.64,24.45,24.86,28.29,3.274
84,59.334,24.6,22.11,29.57,24.45,24.95,28.29,3.313
85,58.418,24.71,22.14,29.5,24.46,24.93,28.27,3.351
86,55.55,24.78,22.18,29.45,24.47,25.04,28.28,3.39
87,54.208,24.96,22.2,29.37,24.48,25.09,28.25,3.428
88,53.208,25.05,22.22,29.3,24.46,25.13,28.22,3.467
89,51.99,25.14,22.25,29.26,24.48,25.17,28.21,3.505
90,51.124,25.18,22.28,29.2,24.48,25.19,28.2,3.544
91,49.414,25.21,22.29,29.12,24.48,25.2,28.18,3.582
92,49.314,25.29,22.32,29.1,24.47,25.23,28.14,3.621
93,48.844,25.34,22.35,29.05,24.48,25.29,28.13,3.659
94,48.16,25.39,22.37,28.98,24.48,25.31,28.12,3.698
95,48.346,25.46,22.39,28.96,24.48,25.35,28.11,3.736
96,46.204,25.47,22.42,28.9,24.48,25.37,28.05,3.775
97,45.702,25.48,22.44,28.88,24.47,25.4,28.04,3.813
98,45.61,25.57,22.45,28.85,24.48,25.44,28.02,3.852
99,44.912,25.68,22.47,28.79,24.48,25.45,28.0,3.89
100,44.684,25.76,22.5,28.78,24.5,25.48,27.98,3.929
101,44.308,25.8,22.52,28.75,24.5,25.5,27.96,3.967
102,43.942,25.85,22.53,28.71,24.52,25.51,27.95,4.006
103,43.438,25.9,22.52,28.68,24.5,25.52,27.93,4.044
104,43.408,25.96,22.54,28.63,24.52,25.56,27.92,4.083
105,42.678,26.02,22.57,28.61,24.53,25.6,27.9,4.121
106,42.592,26.06,22.59,28.61,24.53,25.63,27.89,4.16
107,42.984,26.07,22.61,28.55,24.53,25.63,27.87,4.198
108,42.892,26.04,22.62,28.54,24.54,25.69,27.86,4.237
109,43.754,26.0,22.63,28.53,24.54,25.7,27.86,4.275
110,42.772,25.96,22.64,28.5,24.54,25.65,27.86,4.314
111,42.886,26.0,22.65,28.48,24.54,25.7,27.84,4.352
112,42.778,26.07,22.67,28.45,24.54,25.7,27.82,4.391
113,42.93,26.12,22.7,28.43,24.57,25.73,27.81,4.429
114,42.358,26.23,22.7,28.43,24.6,25.79,27.81,4.468
115,42.844,26.29,22.71,28.4,24.6,25.79,27.8,4.506
116,42.67,26.43,22.72,28.38,24.62,25.8,27.8,4.545
117,42.76,26.4,22.76,28.36,24.62,25.79,27.79,4.583
118,42.692,26.47,22.75,28.34,24.62,25.86,27.79,4.622
119,42.636,26.48,22.75,28.31,24.62,25.86,27.76,4.66
120,42.808,26.51,22.78,28.3,24.65,25.9,27.76,4.699
121,42.888,26.59,22.79,28.31,24.68,25.94,27.78,4.737
122,44.244,26.61,22.8,28.55,24.6,25.87,27.95,4.778
123,47.012,26.56,22.8,28.65,24.57,25.84,28.0,4.817
124,47.36,26.45,22.84,28.77,24.56,25.86,28.06,4.856
125,47.774,26.32,22.84,28.89,24.57,25.85,28.12,4.894
126,51.06,26.3,22.86,29.04,24.61,25.93,28.18,4.933
127,52.99,26.23,22.86,29.13,24.61,25.93,28.21,4.971
128,53.228,26.2,22.89,29.27,24.62,25.95,28.29,5.01
129,53.614,26.19,22.92,29.36,24.68,25.96,28.31,5.048
130,53.774,26.22,22.95,29.47,24.7,25.97,28.4,5.087
131,53.978,26.27,22.95,29.57,24.75,26.04,28.45,5.126
132,54.368,26.11,22.96,29.68,24.78,26.0,28.53,5.164
133,54.862,26.18,23.02,29.79,24.81,26.11,28.6,5.203
134,55.7,26.23,23.02,29.89,24.85,26.09,28.67,5.242
135,56.268,26.23,23.04,29.95,24.87,26.11,28.71,5.28
136,57.126,26.19,23.06,30.06,24.92,26.13,28.79,5.319
137,58.522,26.18,23.1,30.15,24.94,26.17,28.85,5.358
138,59.06,26.21,23.11,30.27,24.95,26.2,28.92,5.396
139,58.182,26.23,23.13,30.32,25.0,26.29,29.0,5.435
140,58.474,26.31,23.15,30.42,25.02,26.26,29.05,5.473
141,57.828,26.35,23.17,30.48,25.05,26.32,29.1,5.512
142,58.584,26.39,23.2,30.56,25.09,26.29,29.18,5.551
143,58.758,26.35,23.21,30.62,25.12,26.38,29.23,5.589
144,57.782,26.34,23.25,30.72,25.14,26.39,29.29,5.628
145,58.98,26.31,23.27,30.79,25.18,26.46,29.34,5.667
146,59.036,26.27,23.3,30.86,25.21,26.45,29.4,5.705
147,59.454,26.25,23.39,30.92,25.21,26.47,29.45,5.744
148,60.936,26.23,23.46,31.0,25.26,26.55,29.53,5.783
149,61.638,26.27,23.51,31.04,25.29,26.53,29.56,5.821
150,60.58,26.22,23.54,31.12,25.31,26.57,29.63,5.86
151,60.552,26.26,23.56,31.17,25.35,26.63,29.65,5.899
152,60.478,26.31,23.59,31.23,25.37,26.67,29.73,5.937
153,61.5,26.36,23.6,31.29,25.4,26.68,29.77,5.976
154,60.198,26.36,23.61,31.35,25.43,26.72,29.82,6.015
155,60.046,26.37,23.64,31.42,25.48,26.75,29.88,6.053
156,60.796,26.4,23.67,31.45,25.48,26.76,29.93,6.092
157,60.692,26.39,23.69,31.51,25.54,26.79,29.96,6.13
158,62.826,26.39,23.7,31.57,25.53,26.84,30.0,6.169
159,64.062,26.43,23.72,31.63,25.59,26.86,30.07,6.208
160,63.642,26.44,23.75,31.7,25.6,26.9,30.11,6.246
161,62.424,26.46,23.76,31.71,25.62,26.94,30.14,6.285
162,63.494,26.46,23.78,31.79,25.65,26.95,30.2,6.324
163,62.662,26.46,23.8,31.84,25.68,26.96,30.23,6.362
164,62.428,26.46,23.85,31.89,25.7,27.0,30.29,6.401
165,61.522,26.45,23.86,31.95,25.72,27.0,30.34,6.44
166,62.454,26.38,23.86,32.0,25.75,27.06,30.35,6.478
167,61.488,26.4,23.89,32.02,25.79,27.11,30.39,6.517
168,62.0,26.38,23.93,32.06,25.79,27.13,30.45,6.556
169,64.512,26.38,23.95,32.13,25.8,27.11,30.5,6.594
170,63.008,26.36,23.96,32.15,25.81,27.13,30.52,6.633
171,63.696,26.29,24.0,32.22,25.84,27.2,30.56,6.672
172,64.24,26.19,23.98,32.23,25.87,27.2,30.59,6.71
173,63.35,26.09,24.04,32.25,25.88,27.12,30.61,6.749
174,63.308,26.0,24.05,32.31,25.92,27.22,30.64,6.788
175,64.024,26.0,24.09,32.36,25.93,27.22,30.68,6.826
176,63.32,25.95,24.11,32.38,25.93,27.29,30.71,6.865
177,62.684,25.96,24.11,32.41,25.94,27.29,30.75,6.904
178,63.422,26.0,24.15,32.48,25.95,27.3,30.79,6.943
179,62.486,25.94,24.18,32.47,25.95,27.28,30.79,6.981
180,64.646,25.92,24.2,32.5,26.0,27.37,30.81,7.02
181,64.528,25.93,24.2,32.56,25.98,27.44,30.86,7.059
182,64.672,25.85,24.22,32.56,26.03,27.38,30.89,7.097
183,63.858,25.85,24.25,32.59,26.03,27.45,30.9,7.136
184,63.15,25.86,24.28,32.63,26.04,27.45,30.92,7.175
185,63.766,25.87,24.28,32.68,26.04,27.53,30.95,7.213
186,64.34,25.93,24.29,32.72,26.07,27.54,31.0,7.252
187,62.924,25.9,24.31,32.72,26.1,27.56,31.0,7.291
188,63.17,25.9,24.32,32.77,26.07,27.61,31.04,7.329
189,62.366,25.94,24.35,32.79,26.1,27.61,31.06,7.368
190,62.93,25.89,24.37,32.83,26.11,27.63,31.07,7.407
191,64.394,25.9,24.38,32.86,26.12,27.65,31.11,7.445
192,65.56,25.92,24.38,32.88,26.12,27.7,31.17,7.484
193,65.16,25.89,24.42,32.88,26.15,27.7,31.14,7.523
194,65.102,25.88,24.44,32.9,26.18,27.72,31.18,7.562
195,64.334,25.87,24.44,32.95,26.17,27.75,31.2,7.6
196,64.44,25.86,24.45,32.95,26.18,27.75,31.2,7.639
197,63.412,25.8,24.45,33.0,26.21,27.77,31.23,7.678
198,63.038,25.84,24.5,33.0,26.2,27.81,31.25,7.716
199,63.264,25.82,24.51,33.02,26.21,27.79,31.28,7.755
200,63.074,25.8,24.52,33.08,26.22,27.84,31.3,7.794
201,63.318,25.79,24.54,33.09,26.22,27.86,31.3,7.832
202,64.502,25.76,24.54,33.09,26.29,27.86,31.32,7.871
203,65.072,25.71,24.55,33.11,26.22,27.84,31.31,7.91
204,64.388,25.63,24.55,33.11,26.28,27.88,31.36,7.948
205,65.086,25.64,24.56,33.15,26.28,27.9,31.35,7.987
206,63.94,25.62,24.59,33.15,26.27,27.93,31.36,8.026
